show_id,type,title,country,genre,rating,release_year,date_added_year,date_added_month,duration
s1,Movie,The Detective,France,Action & Adventure,R,2012,2012,11,164 min
s2,Movie,Wild Story,United States,Dramas,TV-14,2014,2015,9,147 min
s3,Movie,Eternal Shadows,Australia,Anime,G,2021,2022,8,145 min
s4,TV Show,Crimson Symphony,United States,Sci-Fi & Fantasy,TV-PG,2021,2023,5,3 Seasons
s5,Movie,Crimson Rebellion,India,Comedies,TV-Y,2011,2013,6,147 min
s6,TV Show,Crimson Kingdom,Australia,Thrillers,G,2011,2014,2,5 Seasons
s7,TV Show,Wild Shadows,Australia,Comedies,TV-MA,2015,2017,2,4 Seasons
s8,Movie,Hidden Chronicles,Spain,Anime,PG,2013,2015,6,96 min
s9,TV Show,Midnight Protocol,Brazil,Anime,TV-14,2013,2017,12,4 Seasons
s10,Movie,Lost Story,France,Anime,G,2015,2017,1,99 min
s11,Movie,Crimson Rebellion,South Korea,International TV Shows,TV-14,2014,2018,12,110 min
s12,Movie,Secret Empire,South Korea,Anime,TV-Y7,2012,2014,3,101 min
s13,TV Show,Midnight Journey,South Korea,Crime TV Shows,TV-Y,2019,2020,3,8 Seasons
s14,Movie,Crimson Kingdom,Turkey,Comedies,TV-PG,2013,2016,10,78 min
s15,TV Show,Hidden Journey,Spain,Romantic Movies,PG-13,2025,2025,11,2 Seasons
s16,TV Show,Crimson Code,Japan,Comedies,PG-13,2021,2022,8,1 Season
s17,TV Show,Eternal Garden,United Kingdom,Romantic Movies,TV-14,2017,2021,10,4 Seasons
s18,Movie,Golden Garden,United Kingdom,Romantic Movies,G,2008,2012,6,132 min
s19,Movie,Dark Protocol,Japan,Reality TV,PG-13,2015,2015,4,142 min
s20,Movie,Dark Detective,Spain,Reality TV,TV-14,2025,2025,3,154 min
s21,TV Show,Eternal Horizon,France,Romantic Movies,NR,2021,2022,9,4 Seasons
s22,TV Show,Hidden Code,Brazil,Kids' TV,TV-Y7,2024,2025,2,4 Seasons
s23,Movie,Dark Rebellion,United States,Crime TV Shows,G,2015,2019,4,70 min
s24,Movie,Midnight Code,United States,Action & Adventure,TV-14,2009,2011,2,135 min
s25,Movie,Silent Code,Spain,Action & Adventure,G,2012,2016,10,130 min
s26,Movie,Crimson Empire,Nigeria,Horror Movies,R,2011,2011,11,125 min
s27,TV Show,Hidden Story,Spain,Reality TV,TV-MA,2011,2011,7,6 Seasons
s28,Movie,Broken Shadows,Canada,Romantic Movies,TV-Y7,2012,2015,3,105 min
s29,TV Show,Broken Symphony,India,Thrillers,G,2011,2011,11,1 Season
s30,Movie,Rising Garden,Turkey,Action & Adventure,TV-PG,2021,2024,8,97 min
s31,TV Show,Rising Kingdom,United Kingdom,Horror Movies,TV-MA,2020,2022,8,5 Seasons
s32,TV Show,Midnight Detective,Nigeria,Romantic Movies,TV-Y7,2012,2013,5,4 Seasons
s33,Movie,Wild Detective,Germany,Dramas,PG,2009,2009,10,131 min
s34,Movie,The Dreams,India,Reality TV,TV-PG,2010,2014,2,156 min
s35,Movie,Hidden Legacy,Mexico,Action & Adventure,NR,2009,2013,2,123 min
s36,TV Show,Rising Chronicles,Canada,Anime,PG,2015,2017,7,3 Seasons
s37,TV Show,Lost Rebellion,Nigeria,Comedies,TV-MA,2022,2025,10,2 Seasons
s38,Movie,Eternal Shadows,Germany,International TV Shows,TV-PG,2019,2019,4,117 min
s39,TV Show,Last Empire,Turkey,Romantic Movies,PG-13,2024,2024,11,5 Seasons
s40,Movie,Rising Horizon,France,Comedies,TV-14,2025,2025,5,106 min
s41,Movie,Midnight Rebellion,Canada,Anime,PG-13,2024,2025,5,178 min
s42,Movie,Dark Code,South Korea,Reality TV,PG-13,2009,2009,6,168 min
s43,Movie,Secret Chronicles,United Kingdom,Stand-Up Comedy,TV-Y7,2025,2025,9,71 min
s44,Movie,Dark Protocol,Australia,Documentaries,G,2009,2011,10,140 min
s45,Movie,Hidden Horizon,United States,International TV Shows,PG,2009,2011,4,157 min
s46,Movie,Secret Legacy,Japan,Sci-Fi & Fantasy,G,2021,2025,12,89 min
s47,Movie,Shattered Horizon,Nigeria,Sci-Fi & Fantasy,TV-PG,2021,2021,3,164 min
s48,TV Show,Crimson Protocol,South Korea,Sci-Fi & Fantasy,R,2016,2017,12,2 Seasons
s49,TV Show,Shattered Kingdom,Turkey,Thrillers,R,2014,2017,6,5 Seasons
s50,Movie,Broken Kingdom,Brazil,Action & Adventure,TV-Y,2018,2020,2,168 min
s51,TV Show,Golden Code,Germany,Horror Movies,G,2018,2018,2,5 Seasons
s52,Movie,Wild Chronicles,United States,Comedies,NR,2021,2023,12,170 min
s53,TV Show,Hidden Journey,Germany,Comedies,TV-Y,2014,2016,1,7 Seasons
s54,Movie,Eternal Protocol,Nigeria,Romantic Movies,R,2019,2022,2,155 min
s55,TV Show,Wild Rebellion,Brazil,Reality TV,TV-14,2017,2021,5,7 Seasons
s56,TV Show,Hidden Detective,France,Romantic Movies,TV-PG,2014,2017,11,7 Seasons
s57,Movie,Wild Journey,France,Horror Movies,G,2008,2010,5,96 min
s58,TV Show,Crimson Journey,Mexico,Anime,PG,2022,2025,8,4 Seasons
s59,TV Show,Crimson Protocol,Nigeria,Stand-Up Comedy,TV-PG,2010,2012,9,6 Seasons
s60,Movie,Shattered Garden,Canada,Anime,PG-13,2015,2016,3,73 min
s61,Movie,Broken Empire,Mexico,Reality TV,TV-14,2022,2025,11,143 min
s62,Movie,Midnight Detective,South Korea,Thrillers,TV-Y,2015,2016,11,158 min
s63,Movie,Rising Garden,Turkey,Sci-Fi & Fantasy,TV-14,2021,2022,3,172 min
s64,TV Show,The Dreams,Canada,Reality TV,TV-14,2022,2023,8,6 Seasons
s65,TV Show,Wild Symphony,Australia,Romantic Movies,TV-Y,2025,2025,3,8 Seasons
s66,TV Show,Silent Garden,Canada,Reality TV,PG-13,2024,2025,11,4 Seasons
s67,TV Show,Lost Legacy,Australia,International TV Shows,R,2016,2018,6,2 Seasons
s68,Movie,Last Shadows,South Korea,Stand-Up Comedy,TV-PG,2014,2014,7,122 min
s69,TV Show,Eternal Empire,South Korea,Dramas,R,2021,2024,10,1 Season
s70,TV Show,Lost Kingdom,Japan,International TV Shows,TV-Y,2021,2025,12,4 Seasons
s71,TV Show,Broken Chronicles,South Korea,Thrillers,TV-MA,2020,2022,11,7 Seasons
s72,Movie,Shattered Empire,United Kingdom,Crime TV Shows,G,2008,2011,10,142 min
s73,Movie,Dark Code,South Korea,Documentaries,TV-Y7,2013,2013,5,118 min
s74,TV Show,Broken Empire,Japan,Kids' TV,TV-Y,2016,2019,5,2 Seasons
s75,TV Show,The Detective,Germany,Dramas,PG,2015,2015,11,1 Season
s76,Movie,Broken Shadows,Turkey,Dramas,NR,2012,2013,3,130 min
s77,Movie,Wild Shadows,Spain,Stand-Up Comedy,PG-13,2019,2020,10,147 min
s78,Movie,Crimson Symphony,United Kingdom,International TV Shows,TV-14,2008,2010,10,156 min
s79,TV Show,Hidden Detective,Canada,Comedies,NR,2015,2015,12,5 Seasons
s80,Movie,Crimson Journey,Nigeria,Dramas,PG,2025,2025,11,117 min
s81,Movie,Eternal Code,Japan,Dramas,TV-Y,2023,2023,7,116 min
s82,TV Show,Midnight Horizon,South Korea,Documentaries,G,2016,2020,9,8 Seasons
s83,TV Show,Hidden Symphony,Australia,Crime TV Shows,PG-13,2018,2019,2,5 Seasons
s84,TV Show,Broken Garden,Spain,Crime TV Shows,NR,2020,2022,1,8 Seasons
s85,TV Show,Last Empire,Canada,Kids' TV,PG-13,2018,2020,10,5 Seasons
s86,Movie,Eternal Shadows,India,Action & Adventure,TV-Y,2023,2025,4,158 min
s87,TV Show,Secret Detective,Spain,Thrillers,TV-MA,2010,2012,4,7 Seasons
s88,Movie,Silent Code,Mexico,Kids' TV,TV-Y7,2025,2025,6,124 min
s89,TV Show,Golden Detective,Spain,International TV Shows,PG-13,2016,2017,2,4 Seasons
s90,TV Show,Dark Detective,Germany,Sci-Fi & Fantasy,TV-PG,2014,2015,12,8 Seasons
s91,TV Show,Midnight Journey,Nigeria,Romantic Movies,NR,2017,2017,4,5 Seasons
s92,Movie,Golden Horizon,France,Dramas,G,2012,2014,1,76 min
s93,TV Show,Midnight Horizon,Brazil,Reality TV,TV-Y7,2011,2011,10,5 Seasons
s94,TV Show,Lost Empire,Japan,Documentaries,TV-MA,2016,2019,2,2 Seasons
s95,TV Show,Lost Legacy,Mexico,Anime,TV-MA,2012,2013,10,5 Seasons
s96,Movie,Broken Legacy,Germany,Sci-Fi & Fantasy,TV-Y,2015,2019,7,127 min
s97,TV Show,Silent Symphony,Mexico,Horror Movies,PG-13,2009,2013,12,2 Seasons
s98,Movie,Secret Shadows,France,Anime,TV-14,2013,2014,3,140 min
s99,Movie,Last Kingdom,South Korea,Thrillers,NR,2023,2025,1,99 min
s100,TV Show,Midnight Chronicles,Australia,Reality TV,TV-Y7,2010,2011,5,4 Seasons
s101,TV Show,Dark Dreams,Canada,Anime,TV-PG,2016,2017,2,1 Season
s102,Movie,Crimson Chronicles,Mexico,Stand-Up Comedy,NR,2017,2020,2,129 min
s103,TV Show,Midnight Story,France,Romantic Movies,G,2023,2025,2,1 Season
s104,TV Show,Midnight Rebellion,Mexico,International TV Shows,TV-MA,2010,2011,11,1 Season
s105,TV Show,Wild Kingdom,Nigeria,Sci-Fi & Fantasy,TV-PG,2023,2025,11,8 Seasons
s106,TV Show,Last Journey,South Korea,Anime,TV-Y7,2010,2013,6,7 Seasons
s107,TV Show,Golden Code,India,Reality TV,TV-PG,2018,2021,12,8 Seasons
s108,TV Show,Secret Story,Turkey,Sci-Fi & Fantasy,G,2009,2012,2,6 Seasons
s109,TV Show,Golden Legacy,Nigeria,Horror Movies,G,2008,2012,8,7 Seasons
s110,Movie,Broken Dreams,Japan,Crime TV Shows,TV-Y7,2022,2022,4,104 min
s111,Movie,Rising Chronicles,Spain,Stand-Up Comedy,TV-Y7,2011,2011,11,147 min
s112,Movie,Midnight Horizon,France,Romantic Movies,TV-MA,2025,2025,2,98 min
s113,Movie,Lost Legacy,Brazil,Reality TV,TV-PG,2023,2025,9,160 min
s114,TV Show,Hidden Symphony,Spain,Thrillers,R,2022,2025,3,7 Seasons
s115,Movie,Rising Journey,Germany,Stand-Up Comedy,TV-PG,2010,2012,7,113 min
s116,TV Show,Shattered Kingdom,France,Stand-Up Comedy,PG-13,2023,2024,8,8 Seasons
s117,TV Show,Golden Dreams,Nigeria,Romantic Movies,TV-Y,2022,2024,4,4 Seasons
s118,TV Show,Broken Symphony,Nigeria,Horror Movies,TV-MA,2018,2021,12,7 Seasons
s119,TV Show,Secret Garden,Turkey,Anime,TV-PG,2023,2023,3,6 Seasons
s120,Movie,Shattered Symphony,Spain,Comedies,G,2022,2022,12,88 min
s121,TV Show,Shattered Code,United Kingdom,Comedies,TV-Y7,2016,2018,10,7 Seasons
s122,Movie,Shattered Rebellion,Turkey,Anime,G,2020,2022,11,161 min
s123,TV Show,Shattered Dreams,United States,Crime TV Shows,TV-14,2015,2017,4,2 Seasons
s124,TV Show,Dark Garden,Brazil,Stand-Up Comedy,TV-14,2022,2023,12,5 Seasons
s125,Movie,The Rebellion,Nigeria,Dramas,PG-13,2019,2021,7,88 min
s126,Movie,Eternal Story,Mexico,Anime,TV-PG,2013,2014,2,148 min
s127,TV Show,Wild Code,Canada,Thrillers,NR,2012,2013,8,5 Seasons
s128,TV Show,Silent Code,United States,Sci-Fi & Fantasy,TV-Y7,2017,2021,3,2 Seasons
s129,TV Show,Golden Journey,France,Anime,TV-Y,2016,2019,5,4 Seasons
s130,TV Show,Shattered Empire,India,Action & Adventure,TV-Y,2019,2023,5,5 Seasons
s131,Movie,Shattered Code,South Korea,International TV Shows,TV-MA,2009,2013,12,133 min
s132,TV Show,Crimson Garden,Canada,Crime TV Shows,PG,2015,2016,10,5 Seasons
s133,Movie,Secret Legacy,Brazil,Anime,TV-MA,2017,2020,1,144 min
s134,TV Show,Midnight Horizon,India,International TV Shows,PG,2021,2022,4,3 Seasons
s135,TV Show,Eternal Dreams,France,Reality TV,TV-PG,2016,2019,5,6 Seasons
s136,Movie,Lost Legacy,United Kingdom,Sci-Fi & Fantasy,R,2020,2024,6,81 min
s137,TV Show,The Chronicles,Germany,Comedies,TV-Y7,2019,2021,10,7 Seasons
s138,TV Show,Dark Code,Canada,Thrillers,TV-MA,2025,2025,10,4 Seasons
s139,Movie,Secret Symphony,Spain,Stand-Up Comedy,PG-13,2021,2021,3,75 min
s140,Movie,Silent Empire,India,Comedies,R,2025,2025,7,128 min
s141,TV Show,Secret Detective,Australia,Romantic Movies,TV-Y,2012,2015,11,2 Seasons
s142,TV Show,Wild Story,France,Dramas,PG,2014,2017,8,4 Seasons
s143,TV Show,Dark Code,Japan,Romantic Movies,PG,2009,2012,5,4 Seasons
s144,Movie,Shattered Symphony,Spain,Comedies,R,2008,2008,6,101 min
s145,Movie,Crimson Journey,Canada,Comedies,G,2014,2018,4,174 min
s146,Movie,Golden Garden,United Kingdom,Sci-Fi & Fantasy,NR,2008,2010,3,86 min
s147,TV Show,Crimson Horizon,India,Anime,TV-MA,2012,2012,6,4 Seasons
s148,TV Show,The Horizon,France,Dramas,TV-PG,2021,2025,2,2 Seasons
s149,TV Show,Lost Garden,Japan,Romantic Movies,NR,2011,2014,9,4 Seasons
s150,Movie,Midnight Garden,Turkey,Anime,G,2017,2020,11,73 min
s151,Movie,Lost Symphony,South Korea,Horror Movies,TV-14,2023,2025,2,80 min
s152,TV Show,Wild Horizon,India,Documentaries,PG-13,2025,2025,7,5 Seasons
s153,TV Show,Eternal Journey,South Korea,Comedies,TV-14,2025,2025,7,8 Seasons
s154,Movie,Hidden Rebellion,Turkey,Thrillers,TV-Y,2021,2021,6,124 min
s155,TV Show,Secret Chronicles,Japan,Documentaries,TV-Y7,2010,2010,2,2 Seasons
s156,TV Show,Dark Detective,Australia,Kids' TV,TV-PG,2025,2025,10,6 Seasons
s157,Movie,Hidden Rebellion,Turkey,Anime,TV-Y,2009,2011,10,109 min
s158,TV Show,Dark Journey,Germany,Action & Adventure,TV-PG,2023,2024,2,6 Seasons
s159,TV Show,Dark Garden,France,Crime TV Shows,R,2021,2025,10,1 Season
s160,TV Show,The Horizon,France,Stand-Up Comedy,PG-13,2018,2020,1,3 Seasons
s161,Movie,Wild Code,South Korea,Comedies,TV-PG,2008,2008,12,137 min
s162,Movie,Hidden Story,Spain,Kids' TV,TV-PG,2019,2021,12,111 min
s163,Movie,Rising Kingdom,United Kingdom,Documentaries,NR,2009,2009,5,126 min
s164,TV Show,Lost Journey,Spain,Horror Movies,PG-13,2014,2018,2,6 Seasons
s165,TV Show,Dark Chronicles,Brazil,Anime,NR,2023,2025,11,5 Seasons
s166,Movie,Broken Story,Mexico,Dramas,TV-MA,2014,2016,4,168 min
s167,Movie,Crimson Chronicles,France,Kids' TV,TV-14,2008,2011,12,125 min
s168,Movie,Last Story,Germany,Stand-Up Comedy,R,2024,2025,11,173 min
s169,TV Show,Dark Story,Turkey,Stand-Up Comedy,TV-MA,2021,2021,8,2 Seasons
s170,TV Show,Wild Story,Mexico,Horror Movies,TV-Y,2017,2017,7,1 Season
s171,TV Show,Last Garden,Mexico,Thrillers,PG,2010,2013,2,4 Seasons
s172,TV Show,Wild Story,Germany,Comedies,TV-Y,2017,2019,4,6 Seasons
s173,Movie,Dark Dreams,Brazil,Comedies,G,2024,2025,6,114 min
s174,Movie,Broken Legacy,United Kingdom,International TV Shows,R,2013,2017,3,167 min
s175,Movie,Last Garden,Brazil,Thrillers,TV-Y7,2022,2025,11,151 min
s176,TV Show,Shattered Code,Japan,Documentaries,TV-Y7,2010,2013,8,5 Seasons
s177,TV Show,Wild Kingdom,Japan,Romantic Movies,TV-14,2017,2020,8,1 Season
s178,Movie,Golden Symphony,France,Comedies,TV-14,2024,2025,8,144 min
s179,Movie,Lost Protocol,Nigeria,Crime TV Shows,R,2018,2022,8,134 min
s180,Movie,The Empire,India,Sci-Fi & Fantasy,PG,2010,2014,11,92 min
s181,Movie,Broken Detective,Spain,Thrillers,G,2024,2025,3,116 min
s182,TV Show,Rising Chronicles,South Korea,Horror Movies,PG,2009,2011,2,6 Seasons
s183,Movie,Eternal Code,South Korea,International TV Shows,PG-13,2012,2014,2,144 min
s184,Movie,Rising Rebellion,France,Anime,TV-Y,2012,2016,12,80 min
s185,TV Show,Eternal Story,Brazil,Sci-Fi & Fantasy,PG,2012,2016,2,7 Seasons
s186,TV Show,The Rebellion,France,Documentaries,R,2018,2021,4,4 Seasons
s187,Movie,Last Legacy,France,Reality TV,TV-14,2024,2025,12,137 min
s188,Movie,Secret Rebellion,Nigeria,Crime TV Shows,TV-PG,2020,2021,3,93 min
s189,Movie,Midnight Empire,United States,Horror Movies,PG,2015,2018,10,106 min
s190,TV Show,Broken Dreams,Canada,International TV Shows,TV-Y7,2014,2016,11,8 Seasons
s191,TV Show,Crimson Chronicles,Nigeria,Horror Movies,G,2024,2025,3,4 Seasons
s192,Movie,Shattered Chronicles,United States,Anime,TV-Y7,2019,2023,2,161 min
s193,Movie,Silent Legacy,Nigeria,Documentaries,PG-13,2022,2025,3,176 min
s194,TV Show,Dark Protocol,Canada,Reality TV,TV-Y7,2019,2019,7,1 Season
s195,TV Show,Eternal Rebellion,Canada,Horror Movies,TV-14,2019,2020,1,6 Seasons
s196,Movie,Shattered Detective,Brazil,Kids' TV,TV-PG,2012,2012,5,176 min
s197,TV Show,Midnight Symphony,United Kingdom,Sci-Fi & Fantasy,TV-Y7,2022,2025,1,2 Seasons
s198,Movie,Silent Shadows,Turkey,Documentaries,G,2024,2025,2,169 min
s199,TV Show,Broken Chronicles,India,Dramas,R,2021,2025,8,2 Seasons
s200,Movie,Shattered Protocol,Spain,Crime TV Shows,G,2008,2012,10,100 min
s201,Movie,Silent Story,United States,Crime TV Shows,PG,2015,2019,7,93 min
s202,Movie,Eternal Rebellion,India,Romantic Movies,G,2024,2025,9,72 min
s203,TV Show,Shattered Empire,United States,Anime,TV-Y,2019,2021,12,1 Season
s204,TV Show,Crimson Legacy,Japan,Action & Adventure,TV-14,2018,2019,1,6 Seasons
s205,TV Show,Shattered Code,United Kingdom,Reality TV,TV-Y7,2023,2024,3,2 Seasons
s206,TV Show,The Chronicles,Canada,Dramas,R,2009,2011,5,7 Seasons
s207,TV Show,Silent Kingdom,Nigeria,Anime,R,2017,2019,1,6 Seasons
s208,TV Show,Dark Garden,Japan,Horror Movies,TV-Y,2022,2025,6,3 Seasons
s209,TV Show,Midnight Empire,Japan,Sci-Fi & Fantasy,G,2016,2016,12,7 Seasons
s210,Movie,Hidden Journey,Turkey,Documentaries,G,2017,2019,2,80 min
s211,TV Show,Secret Chronicles,France,Thrillers,NR,2021,2022,12,8 Seasons
s212,TV Show,Lost Kingdom,Australia,Reality TV,PG,2021,2023,11,1 Season
s213,Movie,Secret Code,South Korea,Kids' TV,G,2013,2013,3,178 min
s214,TV Show,The Horizon,India,Action & Adventure,PG,2019,2022,10,1 Season
s215,Movie,Secret Empire,Japan,Kids' TV,TV-Y7,2010,2014,3,137 min
s216,TV Show,Hidden Rebellion,Brazil,International TV Shows,R,2011,2011,12,3 Seasons
s217,TV Show,Eternal Story,Germany,Comedies,PG-13,2016,2019,4,5 Seasons
s218,TV Show,Broken Legacy,United Kingdom,Reality TV,TV-14,2022,2023,12,8 Seasons
s219,Movie,Crimson Code,Turkey,Kids' TV,PG,2010,2014,9,107 min
s220,TV Show,Shattered Horizon,Australia,Stand-Up Comedy,TV-PG,2019,2023,4,2 Seasons
s221,Movie,Crimson Horizon,Canada,Sci-Fi & Fantasy,TV-Y7,2008,2010,9,143 min
s222,TV Show,Lost Garden,Germany,Documentaries,NR,2010,2010,5,7 Seasons
s223,TV Show,Eternal Story,Nigeria,Horror Movies,NR,2010,2011,6,2 Seasons
s224,TV Show,Lost Code,Germany,Kids' TV,TV-PG,2025,2025,3,3 Seasons
s225,TV Show,Eternal Protocol,Turkey,Dramas,TV-14,2024,2025,5,3 Seasons
s226,Movie,Golden Protocol,Australia,Action & Adventure,PG,2024,2025,2,102 min
s227,Movie,Secret Dreams,France,Documentaries,PG-13,2025,2025,9,152 min
s228,Movie,Wild Journey,United Kingdom,Documentaries,NR,2018,2022,1,175 min
s229,Movie,Dark Kingdom,Brazil,Sci-Fi & Fantasy,NR,2016,2017,10,123 min
s230,Movie,Lost Protocol,Brazil,Romantic Movies,PG-13,2017,2020,4,173 min
s231,TV Show,Silent Empire,India,Stand-Up Comedy,TV-MA,2013,2016,7,8 Seasons
s232,TV Show,Broken Rebellion,Mexico,Documentaries,PG,2018,2020,7,3 Seasons
s233,TV Show,Eternal Dreams,India,Kids' TV,R,2022,2022,5,8 Seasons
s234,Movie,Last Legacy,United States,International TV Shows,TV-Y,2021,2022,3,174 min
s235,TV Show,Rising Journey,Australia,Kids' TV,R,2013,2016,9,8 Seasons
s236,TV Show,Rising Chronicles,Spain,Dramas,TV-14,2020,2024,8,4 Seasons
s237,Movie,Wild Rebellion,United States,Dramas,PG-13,2023,2025,11,156 min
s238,TV Show,Silent Dreams,United States,Reality TV,TV-14,2021,2022,5,6 Seasons
s239,TV Show,Golden Kingdom,South Korea,Dramas,NR,2025,2025,6,5 Seasons
s240,Movie,Hidden Dreams,Spain,Sci-Fi & Fantasy,G,2016,2020,11,148 min
s241,Movie,Last Legacy,South Korea,Kids' TV,PG,2025,2025,3,95 min
s242,TV Show,Eternal Kingdom,United States,Dramas,TV-PG,2018,2021,9,8 Seasons
s243,Movie,Wild Protocol,Germany,Documentaries,PG,2018,2019,7,148 min
s244,TV Show,Wild Rebellion,Germany,Reality TV,G,2025,2025,12,5 Seasons
s245,TV Show,Shattered Kingdom,Japan,Kids' TV,TV-14,2021,2025,5,1 Season
s246,TV Show,Silent Code,Nigeria,Sci-Fi & Fantasy,NR,2015,2015,10,8 Seasons
s247,Movie,Eternal Code,Australia,Crime TV Shows,TV-Y,2012,2013,1,143 min
s248,Movie,Broken Kingdom,Spain,Kids' TV,TV-Y,2012,2015,12,96 min
s249,TV Show,Eternal Garden,Mexico,Thrillers,TV-MA,2012,2016,4,6 Seasons
s250,TV Show,Eternal Story,Japan,Documentaries,TV-Y7,2025,2025,9,6 Seasons
s251,TV Show,Wild Empire,Canada,Action & Adventure,PG-13,2025,2025,4,5 Seasons
s252,TV Show,Midnight Shadows,Australia,Stand-Up Comedy,TV-Y7,2018,2021,6,5 Seasons
s253,TV Show,Dark Journey,Brazil,Romantic Movies,TV-Y,2020,2022,3,5 Seasons
s254,Movie,Silent Detective,India,Kids' TV,TV-Y7,2016,2019,4,95 min
s255,TV Show,Rising Dreams,Australia,International TV Shows,TV-PG,2011,2015,12,4 Seasons
s256,Movie,The Code,Germany,Action & Adventure,R,2009,2009,7,112 min
s257,TV Show,Dark Code,Nigeria,Documentaries,TV-MA,2025,2025,7,8 Seasons
s258,TV Show,Secret Shadows,Nigeria,International TV Shows,PG,2017,2017,2,4 Seasons
s259,Movie,Rising Protocol,United Kingdom,Horror Movies,TV-PG,2009,2012,8,93 min
s260,TV Show,Rising Kingdom,United States,International TV Shows,NR,2011,2013,5,8 Seasons
s261,TV Show,Rising Horizon,Turkey,Romantic Movies,TV-Y7,2016,2017,2,6 Seasons
s262,Movie,Midnight Empire,Brazil,International TV Shows,TV-PG,2008,2010,5,142 min
s263,Movie,Last Journey,Turkey,Anime,TV-Y,2021,2025,6,81 min
s264,TV Show,Secret Legacy,United Kingdom,Documentaries,TV-Y7,2018,2019,1,5 Seasons
s265,TV Show,Broken Empire,Nigeria,International TV Shows,PG,2017,2021,12,1 Season
s266,TV Show,Secret Rebellion,Australia,Action & Adventure,TV-MA,2011,2014,5,3 Seasons
s267,TV Show,Secret Dreams,Australia,Sci-Fi & Fantasy,PG-13,2011,2013,6,4 Seasons
s268,Movie,Last Empire,United Kingdom,Thrillers,NR,2019,2022,12,140 min
s269,TV Show,Crimson Dreams,Nigeria,Anime,R,2015,2019,2,8 Seasons
s270,TV Show,Dark Protocol,Mexico,Comedies,TV-MA,2025,2025,4,3 Seasons
s271,Movie,Golden Symphony,Germany,Thrillers,TV-14,2014,2018,8,81 min
s272,TV Show,Crimson Kingdom,Spain,Documentaries,G,2021,2024,10,1 Season
s273,TV Show,Secret Garden,France,Stand-Up Comedy,TV-MA,2020,2022,1,4 Seasons
s274,Movie,The Story,Japan,Stand-Up Comedy,TV-14,2025,2025,2,130 min
s275,Movie,Silent Story,United Kingdom,Sci-Fi & Fantasy,TV-PG,2021,2023,7,127 min
s276,TV Show,Hidden Legacy,Brazil,Anime,G,2012,2014,2,3 Seasons
s277,TV Show,Eternal Horizon,Australia,Action & Adventure,TV-MA,2008,2010,8,7 Seasons
s278,TV Show,Shattered Shadows,Canada,Thrillers,PG,2012,2014,4,2 Seasons
s279,Movie,Crimson Code,South Korea,Crime TV Shows,TV-MA,2015,2016,2,82 min
s280,Movie,Lost Journey,Brazil,Stand-Up Comedy,TV-MA,2015,2015,7,126 min
s281,Movie,Eternal Shadows,Nigeria,Reality TV,TV-MA,2012,2016,5,99 min
s282,TV Show,Wild Journey,Nigeria,Anime,PG,2015,2017,3,4 Seasons
s283,TV Show,Silent Chronicles,United States,Romantic Movies,NR,2013,2016,9,8 Seasons
s284,Movie,Golden Code,Brazil,Horror Movies,G,2018,2021,7,89 min
s285,TV Show,Hidden Horizon,Nigeria,Romantic Movies,TV-Y7,2015,2016,5,3 Seasons
s286,TV Show,Rising Kingdom,Germany,Horror Movies,TV-Y,2025,2025,3,7 Seasons
s287,Movie,Silent Shadows,Japan,Anime,TV-14,2022,2024,2,138 min
s288,Movie,The Chronicles,South Korea,Anime,NR,2009,2009,4,172 min
s289,Movie,Lost Shadows,Turkey,Kids' TV,PG-13,2008,2009,4,164 min
s290,Movie,Midnight Garden,Spain,Action & Adventure,NR,2014,2017,4,140 min
s291,TV Show,Crimson Chronicles,South Korea,Thrillers,G,2019,2021,5,6 Seasons
s292,TV Show,Lost Legacy,Nigeria,Stand-Up Comedy,TV-Y7,2018,2019,6,6 Seasons
s293,TV Show,The Journey,Turkey,Action & Adventure,TV-PG,2008,2010,9,7 Seasons
s294,TV Show,Last Shadows,Japan,Action & Adventure,TV-Y,2015,2018,9,6 Seasons
s295,TV Show,Crimson Symphony,Spain,Stand-Up Comedy,TV-Y7,2022,2023,12,6 Seasons
s296,Movie,Last Detective,Germany,Thrillers,TV-PG,2025,2025,9,74 min
s297,Movie,Shattered Code,United States,Sci-Fi & Fantasy,TV-MA,2021,2022,11,99 min
s298,Movie,Midnight Horizon,United States,Action & Adventure,G,2022,2024,1,149 min
s299,TV Show,Secret Empire,United States,Dramas,G,2025,2025,1,1 Season
s300,TV Show,Eternal Chronicles,United States,Romantic Movies,TV-Y,2013,2013,2,3 Seasons
s301,Movie,Broken Journey,Germany,International TV Shows,PG,2016,2019,2,117 min
s302,TV Show,Lost Journey,Canada,Stand-Up Comedy,R,2017,2017,11,1 Season
s303,Movie,Hidden Story,South Korea,Romantic Movies,TV-Y7,2009,2009,12,91 min
s304,Movie,Lost Symphony,South Korea,Anime,PG,2011,2015,1,99 min
s305,Movie,Rising Symphony,Australia,Crime TV Shows,TV-Y7,2016,2016,2,157 min
s306,TV Show,Rising Dreams,Mexico,Anime,TV-MA,2013,2015,1,4 Seasons
s307,Movie,Crimson Symphony,Australia,Reality TV,TV-Y,2010,2012,3,142 min
s308,Movie,Wild Symphony,Turkey,Horror Movies,G,2018,2021,12,87 min
s309,Movie,Eternal Detective,Japan,Dramas,TV-14,2021,2022,2,113 min
s310,TV Show,Crimson Rebellion,United States,Anime,PG-13,2022,2025,4,6 Seasons
s311,TV Show,Hidden Horizon,Brazil,Crime TV Shows,TV-Y,2010,2014,5,4 Seasons
s312,Movie,Dark Chronicles,United Kingdom,Horror Movies,TV-PG,2020,2022,6,83 min
s313,Movie,The Chronicles,Spain,Kids' TV,PG-13,2011,2012,2,93 min
s314,TV Show,Lost Dreams,Germany,Romantic Movies,TV-Y,2011,2011,2,6 Seasons
s315,Movie,Wild Journey,Nigeria,Kids' TV,TV-Y,2008,2010,7,119 min
s316,Movie,Midnight Protocol,Germany,Action & Adventure,NR,2024,2025,11,118 min
s317,Movie,Last Chronicles,France,International TV Shows,TV-Y7,2012,2012,3,125 min
s318,TV Show,Hidden Chronicles,Spain,Sci-Fi & Fantasy,TV-14,2019,2021,4,8 Seasons
s319,Movie,Lost Legacy,United Kingdom,International TV Shows,TV-MA,2020,2022,10,118 min
s320,TV Show,Lost Rebellion,South Korea,Reality TV,NR,2012,2014,6,4 Seasons
s321,TV Show,Golden Horizon,South Korea,Kids' TV,PG-13,2023,2025,4,6 Seasons
s322,TV Show,Silent Symphony,Nigeria,Horror Movies,PG,2011,2015,4,3 Seasons
s323,Movie,Midnight Empire,Australia,Action & Adventure,TV-Y7,2017,2017,7,156 min
s324,TV Show,Last Code,France,Action & Adventure,PG-13,2012,2015,7,2 Seasons
s325,TV Show,Wild Empire,Mexico,Horror Movies,G,2024,2025,9,1 Season
s326,TV Show,Midnight Protocol,Nigeria,Romantic Movies,NR,2010,2010,4,6 Seasons
s327,Movie,Secret Journey,United States,Crime TV Shows,TV-Y,2018,2021,2,71 min
s328,Movie,Silent Shadows,Germany,Stand-Up Comedy,G,2025,2025,12,143 min
s329,Movie,Lost Rebellion,South Korea,Thrillers,NR,2024,2025,6,73 min
s330,TV Show,Dark Chronicles,South Korea,Comedies,TV-14,2012,2014,5,6 Seasons
s331,TV Show,Crimson Shadows,Germany,Thrillers,PG,2023,2023,8,8 Seasons
s332,TV Show,Dark Chronicles,United States,Sci-Fi & Fantasy,TV-14,2008,2010,11,2 Seasons
s333,Movie,Rising Detective,Canada,Romantic Movies,TV-PG,2025,2025,6,141 min
s334,TV Show,Lost Shadows,Nigeria,Horror Movies,TV-PG,2013,2016,7,1 Season
s335,Movie,Lost Journey,South Korea,Horror Movies,TV-MA,2014,2015,5,166 min
s336,Movie,Wild Legacy,Nigeria,Reality TV,G,2013,2015,6,95 min
s337,TV Show,Dark Chronicles,Brazil,Reality TV,TV-Y7,2024,2025,10,7 Seasons
s338,TV Show,Wild Legacy,Japan,Kids' TV,TV-Y7,2013,2015,10,2 Seasons
s339,Movie,Golden Legacy,Canada,International TV Shows,TV-14,2013,2015,12,88 min
s340,TV Show,Hidden Journey,United Kingdom,Crime TV Shows,TV-Y,2021,2022,8,3 Seasons
s341,Movie,Lost Chronicles,United Kingdom,Documentaries,PG,2022,2025,1,180 min
s342,TV Show,The Empire,United Kingdom,Action & Adventure,TV-Y,2025,2025,11,8 Seasons
s343,TV Show,Secret Empire,South Korea,Stand-Up Comedy,TV-Y7,2023,2024,2,1 Season
s344,Movie,Silent Kingdom,France,Action & Adventure,G,2017,2018,8,142 min
s345,TV Show,Eternal Dreams,India,Crime TV Shows,TV-14,2016,2020,6,1 Season
s346,TV Show,Eternal Shadows,South Korea,Comedies,R,2017,2017,8,5 Seasons
s347,TV Show,Shattered Symphony,India,Thrillers,TV-14,2015,2016,12,6 Seasons
s348,TV Show,Last Journey,United Kingdom,Sci-Fi & Fantasy,R,2014,2014,10,6 Seasons
s349,TV Show,Wild Dreams,United Kingdom,Kids' TV,PG-13,2017,2021,5,2 Seasons
s350,Movie,Crimson Garden,South Korea,Dramas,PG-13,2012,2013,4,88 min
s351,TV Show,Shattered Shadows,Nigeria,Reality TV,TV-Y,2023,2024,10,5 Seasons
s352,TV Show,Hidden Empire,India,Anime,TV-14,2020,2024,12,5 Seasons
s353,TV Show,Lost Empire,Japan,Crime TV Shows,TV-MA,2010,2013,11,6 Seasons
s354,Movie,Crimson Dreams,South Korea,Action & Adventure,TV-Y,2014,2017,5,111 min
s355,TV Show,Golden Dreams,Mexico,Documentaries,NR,2023,2025,11,1 Season
s356,Movie,Dark Code,Nigeria,Reality TV,TV-Y7,2008,2008,3,126 min
s357,TV Show,The Story,Canada,Stand-Up Comedy,TV-PG,2017,2018,5,2 Seasons
s358,TV Show,Silent Legacy,Japan,Anime,TV-PG,2009,2012,11,5 Seasons
s359,Movie,Hidden Code,India,Stand-Up Comedy,TV-14,2008,2009,8,79 min
s360,Movie,Wild Shadows,Germany,Anime,TV-Y7,2008,2008,12,113 min
s361,Movie,Shattered Story,Australia,Documentaries,TV-Y7,2010,2011,7,81 min
s362,Movie,Dark Rebellion,Japan,International TV Shows,TV-PG,2020,2021,11,156 min
s363,Movie,Dark Dreams,Mexico,Dramas,NR,2013,2016,6,162 min
s364,Movie,Secret Detective,United Kingdom,Horror Movies,NR,2022,2023,2,82 min
s365,Movie,Crimson Legacy,Mexico,Stand-Up Comedy,TV-Y,2019,2022,6,171 min
s366,Movie,Broken Chronicles,Brazil,Comedies,R,2025,2025,10,162 min
s367,TV Show,Crimson Detective,United States,Reality TV,PG-13,2014,2018,10,4 Seasons
s368,TV Show,Silent Code,United States,Sci-Fi & Fantasy,R,2023,2025,2,4 Seasons
s369,TV Show,Secret Journey,India,Romantic Movies,TV-MA,2019,2021,3,7 Seasons
s370,TV Show,Golden Dreams,Brazil,Documentaries,TV-Y7,2010,2010,10,2 Seasons
s371,Movie,Silent Shadows,United States,Dramas,TV-Y,2024,2025,11,161 min
s372,TV Show,Hidden Detective,South Korea,Comedies,G,2025,2025,3,5 Seasons
s373,Movie,Silent Legacy,Germany,Action & Adventure,TV-PG,2025,2025,7,145 min
s374,Movie,Silent Detective,South Korea,Stand-Up Comedy,R,2009,2010,2,125 min
s375,Movie,Lost Journey,Mexico,Dramas,PG-13,2013,2013,1,160 min
s376,Movie,Midnight Kingdom,United Kingdom,Thrillers,PG,2024,2025,12,103 min
s377,Movie,Golden Horizon,Australia,Sci-Fi & Fantasy,PG-13,2011,2011,6,173 min
s378,TV Show,Silent Dreams,India,International TV Shows,NR,2010,2013,8,6 Seasons
s379,Movie,Lost Symphony,Mexico,Documentaries,PG,2013,2015,2,143 min
s380,Movie,Broken Detective,Germany,Dramas,TV-MA,2008,2009,1,130 min
s381,TV Show,Hidden Protocol,United Kingdom,Documentaries,TV-MA,2025,2025,4,6 Seasons
s382,Movie,Hidden Protocol,Australia,Kids' TV,PG-13,2010,2014,6,85 min
s383,Movie,Last Shadows,Nigeria,Romantic Movies,TV-MA,2020,2020,8,180 min
s384,TV Show,Crimson Symphony,France,Kids' TV,TV-14,2025,2025,1,6 Seasons
s385,Movie,Silent Journey,Nigeria,International TV Shows,NR,2015,2018,6,145 min
s386,TV Show,Crimson Garden,Canada,Stand-Up Comedy,G,2015,2016,1,7 Seasons
s387,Movie,Broken Dreams,Japan,Anime,TV-MA,2018,2018,11,118 min
s388,TV Show,Dark Shadows,Germany,Action & Adventure,TV-Y,2023,2023,3,5 Seasons
s389,Movie,The Protocol,Canada,Reality TV,G,2021,2023,8,165 min
s390,Movie,Wild Legacy,Germany,Documentaries,TV-Y,2010,2014,10,77 min
s391,TV Show,Secret Horizon,Canada,International TV Shows,PG-13,2018,2021,12,6 Seasons
s392,TV Show,Lost Chronicles,Canada,Comedies,R,2012,2016,2,3 Seasons
s393,Movie,Last Empire,Spain,Kids' TV,TV-Y,2011,2015,6,168 min
s394,Movie,Lost Chronicles,Spain,International TV Shows,TV-14,2010,2011,11,108 min
s395,Movie,Broken Symphony,Turkey,Kids' TV,TV-PG,2010,2011,6,120 min
s396,Movie,Secret Chronicles,France,Reality TV,TV-PG,2008,2011,8,141 min
s397,Movie,Dark Empire,India,Sci-Fi & Fantasy,TV-PG,2011,2011,1,176 min
s398,Movie,Last Shadows,Turkey,Horror Movies,PG,2010,2014,10,103 min
s399,Movie,The Legacy,Canada,Anime,TV-Y7,2012,2012,6,85 min
s400,Movie,Lost Kingdom,United Kingdom,Crime TV Shows,TV-Y,2020,2023,1,118 min
s401,TV Show,Last Rebellion,Canada,Documentaries,PG-13,2016,2019,3,1 Season
s402,Movie,Secret Chronicles,Spain,Horror Movies,G,2023,2023,2,105 min
s403,TV Show,Last Story,Canada,Anime,G,2015,2019,1,7 Seasons
s404,TV Show,Lost Dreams,Nigeria,Thrillers,PG,2024,2025,7,5 Seasons
s405,Movie,The Rebellion,Mexico,Action & Adventure,TV-MA,2016,2016,8,137 min
s406,TV Show,Crimson Journey,Canada,Documentaries,TV-14,2015,2016,5,1 Season
s407,Movie,Wild Symphony,Nigeria,Horror Movies,PG,2013,2014,4,145 min
s408,TV Show,Crimson Detective,Australia,Kids' TV,NR,2008,2010,10,3 Seasons
s409,Movie,Shattered Garden,Spain,Romantic Movies,PG-13,2013,2016,1,81 min
s410,Movie,Broken Journey,Canada,Dramas,G,2023,2023,6,148 min
s411,Movie,Crimson Horizon,Japan,Stand-Up Comedy,TV-PG,2018,2018,1,88 min
s412,Movie,Crimson Legacy,Turkey,Romantic Movies,PG,2010,2012,12,154 min
s413,TV Show,Wild Legacy,Japan,International TV Shows,PG,2012,2013,12,7 Seasons
s414,TV Show,Secret Rebellion,United Kingdom,Stand-Up Comedy,G,2019,2020,11,3 Seasons
s415,TV Show,Silent Detective,Australia,International TV Shows,TV-PG,2013,2013,12,7 Seasons
s416,Movie,Last Journey,Japan,Sci-Fi & Fantasy,NR,2015,2019,2,133 min
s417,Movie,Golden Detective,India,Action & Adventure,PG,2018,2019,11,81 min
s418,TV Show,Lost Kingdom,France,Action & Adventure,R,2010,2012,5,2 Seasons
s419,Movie,The Story,Spain,Stand-Up Comedy,TV-Y,2013,2016,8,118 min
s420,TV Show,Eternal Story,India,Reality TV,TV-Y7,2015,2016,8,2 Seasons
s421,Movie,Silent Kingdom,Japan,International TV Shows,TV-14,2010,2012,3,118 min
s422,Movie,Midnight Legacy,Germany,Comedies,PG,2023,2023,7,153 min
s423,Movie,Wild Protocol,South Korea,Documentaries,TV-MA,2011,2013,4,94 min
s424,TV Show,Midnight Dreams,Australia,Stand-Up Comedy,G,2016,2018,5,4 Seasons
s425,Movie,The Story,Mexico,Romantic Movies,TV-Y7,2012,2012,6,70 min
s426,TV Show,Dark Chronicles,Turkey,Anime,NR,2023,2024,2,1 Season
s427,Movie,Last Code,France,Comedies,TV-Y7,2011,2013,7,130 min
s428,TV Show,Rising Code,France,Comedies,G,2020,2021,6,7 Seasons
s429,TV Show,Last Empire,United States,International TV Shows,TV-Y7,2022,2024,4,5 Seasons
s430,Movie,Last Garden,Australia,Anime,TV-14,2010,2012,9,122 min
s431,Movie,Eternal Kingdom,Turkey,Horror Movies,G,2021,2025,11,180 min
s432,TV Show,Wild Protocol,Canada,Thrillers,PG-13,2010,2013,12,1 Season
s433,Movie,Dark Garden,Spain,Documentaries,TV-PG,2014,2015,3,75 min
s434,TV Show,Dark Code,South Korea,Action & Adventure,TV-PG,2016,2018,12,2 Seasons
s435,Movie,Hidden Dreams,South Korea,Romantic Movies,PG,2016,2020,8,71 min
s436,TV Show,Dark Story,United Kingdom,Documentaries,NR,2011,2011,10,2 Seasons
s437,TV Show,Shattered Dreams,Japan,Horror Movies,PG-13,2020,2023,10,8 Seasons
s438,Movie,Last Chronicles,South Korea,Documentaries,NR,2020,2020,7,112 min
s439,Movie,The Detective,Spain,International TV Shows,PG,2008,2010,5,109 min
s440,TV Show,Shattered Empire,Turkey,Stand-Up Comedy,TV-14,2015,2016,5,8 Seasons
s441,TV Show,Silent Detective,South Korea,Crime TV Shows,TV-14,2014,2017,4,7 Seasons
s442,TV Show,Crimson Dreams,Turkey,Kids' TV,TV-MA,2024,2025,2,5 Seasons
s443,TV Show,Last Garden,Turkey,Romantic Movies,NR,2008,2009,4,4 Seasons
s444,Movie,Broken Kingdom,Spain,Dramas,PG,2014,2016,6,175 min
s445,TV Show,Eternal Story,Brazil,Comedies,TV-MA,2015,2017,8,8 Seasons
s446,Movie,Shattered Empire,Mexico,Romantic Movies,PG,2019,2020,5,165 min
s447,Movie,Silent Kingdom,South Korea,Dramas,TV-PG,2014,2015,11,98 min
s448,Movie,Silent Code,South Korea,Romantic Movies,TV-MA,2008,2011,3,152 min
s449,Movie,Wild Garden,United States,Action & Adventure,PG-13,2017,2019,7,118 min
s450,TV Show,Lost Chronicles,Canada,Thrillers,PG-13,2024,2025,7,2 Seasons
s451,Movie,Eternal Code,Turkey,Reality TV,PG,2025,2025,10,106 min
s452,TV Show,Secret Legacy,Spain,Comedies,PG,2016,2018,5,5 Seasons
s453,TV Show,Broken Horizon,Germany,Sci-Fi & Fantasy,R,2009,2013,7,6 Seasons
s454,Movie,Midnight Kingdom,Brazil,Thrillers,PG-13,2016,2019,7,119 min
s455,Movie,Wild Detective,Mexico,Reality TV,R,2018,2019,11,138 min
s456,TV Show,Rising Code,Japan,Romantic Movies,PG-13,2013,2017,3,5 Seasons
s457,Movie,Lost Horizon,Australia,International TV Shows,G,2013,2015,11,81 min
s458,Movie,Golden Shadows,Australia,Reality TV,PG-13,2021,2023,6,103 min
s459,TV Show,Lost Symphony,India,Thrillers,TV-MA,2010,2013,4,2 Seasons
s460,TV Show,Eternal Chronicles,South Korea,Dramas,TV-PG,2012,2013,6,7 Seasons
s461,TV Show,Last Rebellion,Turkey,Stand-Up Comedy,TV-PG,2010,2013,6,3 Seasons
s462,TV Show,Secret Kingdom,United States,Thrillers,PG-13,2014,2015,10,3 Seasons
s463,TV Show,Crimson Garden,Nigeria,Comedies,TV-PG,2021,2024,7,7 Seasons
s464,TV Show,Hidden Kingdom,United States,Romantic Movies,R,2019,2019,6,4 Seasons
s465,Movie,Secret Kingdom,Brazil,Stand-Up Comedy,R,2015,2017,5,86 min
s466,Movie,Hidden Dreams,Mexico,International TV Shows,TV-PG,2010,2010,5,107 min
s467,TV Show,Midnight Dreams,Mexico,Romantic Movies,PG,2021,2022,6,8 Seasons
s468,TV Show,Crimson Shadows,United Kingdom,Sci-Fi & Fantasy,TV-Y,2008,2009,4,3 Seasons
s469,Movie,Midnight Kingdom,Mexico,Romantic Movies,TV-PG,2011,2013,12,153 min
s470,Movie,Hidden Protocol,Brazil,International TV Shows,G,2009,2013,1,154 min
s471,Movie,Secret Symphony,United States,Dramas,TV-14,2021,2024,7,85 min
s472,TV Show,Lost Detective,United Kingdom,Action & Adventure,TV-MA,2017,2020,11,2 Seasons
s473,TV Show,Wild Journey,Australia,Documentaries,TV-Y,2011,2015,12,2 Seasons
s474,TV Show,Dark Garden,India,Thrillers,R,2014,2016,9,4 Seasons
s475,TV Show,Midnight Story,France,Documentaries,TV-MA,2025,2025,4,8 Seasons
s476,TV Show,Broken Kingdom,United States,Anime,TV-14,2011,2015,11,8 Seasons
s477,Movie,Dark Garden,Germany,Comedies,TV-14,2016,2017,8,107 min
s478,TV Show,Lost Kingdom,India,Reality TV,TV-PG,2009,2011,6,6 Seasons
s479,TV Show,Midnight Legacy,India,Reality TV,TV-MA,2008,2009,11,3 Seasons
s480,TV Show,Golden Protocol,Spain,Crime TV Shows,PG-13,2010,2012,6,3 Seasons
s481,Movie,Hidden Story,Spain,International TV Shows,TV-Y,2023,2025,11,172 min
s482,Movie,Dark Horizon,Australia,Stand-Up Comedy,TV-MA,2013,2013,7,145 min
s483,TV Show,Crimson Journey,Brazil,Thrillers,TV-PG,2020,2022,10,1 Season
s484,Movie,Lost Protocol,Spain,Comedies,TV-Y,2022,2022,2,103 min
s485,TV Show,The Detective,Turkey,Anime,G,2015,2017,9,2 Seasons
s486,TV Show,Secret Detective,Canada,Thrillers,PG,2020,2021,9,1 Season
s487,Movie,Secret Protocol,United Kingdom,Romantic Movies,TV-Y7,2023,2024,2,166 min
s488,TV Show,Golden Shadows,Japan,International TV Shows,TV-MA,2024,2025,9,7 Seasons
s489,TV Show,Shattered Shadows,India,Thrillers,TV-Y7,2022,2022,8,8 Seasons
s490,TV Show,Dark Empire,Australia,Anime,TV-MA,2011,2014,7,1 Season
s491,Movie,Shattered Legacy,Nigeria,Crime TV Shows,NR,2017,2021,9,96 min
s492,TV Show,Golden Rebellion,Turkey,Dramas,R,2022,2024,9,8 Seasons
s493,TV Show,Midnight Empire,India,Comedies,R,2008,2010,6,5 Seasons
s494,TV Show,Midnight Legacy,United States,Documentaries,TV-Y7,2012,2015,2,5 Seasons
s495,Movie,Broken Legacy,Turkey,Horror Movies,R,2022,2023,12,113 min
s496,Movie,Crimson Story,United States,Anime,NR,2011,2014,8,154 min
s497,Movie,Lost Kingdom,Germany,Stand-Up Comedy,TV-MA,2025,2025,10,131 min
s498,Movie,Midnight Journey,United Kingdom,Stand-Up Comedy,TV-PG,2011,2014,11,146 min
s499,TV Show,Eternal Protocol,South Korea,Horror Movies,NR,2015,2017,7,6 Seasons
s500,TV Show,Lost Garden,United Kingdom,Documentaries,TV-Y,2024,2025,12,6 Seasons
s501,Movie,Broken Shadows,Mexico,Stand-Up Comedy,PG-13,2019,2020,12,153 min
s502,Movie,Eternal Dreams,Australia,Anime,PG,2011,2013,9,131 min
s503,TV Show,Secret Detective,Turkey,Romantic Movies,PG-13,2021,2021,9,2 Seasons
s504,Movie,Hidden Horizon,United States,Anime,TV-MA,2014,2016,3,106 min
s505,TV Show,Last Symphony,United States,Stand-Up Comedy,PG-13,2014,2018,1,6 Seasons
s506,TV Show,Dark Journey,Turkey,Anime,G,2015,2019,7,4 Seasons
s507,TV Show,Midnight Code,United States,Horror Movies,TV-Y,2021,2023,9,1 Season
s508,Movie,Midnight Chronicles,Canada,Crime TV Shows,TV-Y7,2015,2017,10,139 min
s509,Movie,Crimson Detective,Canada,International TV Shows,TV-Y7,2013,2013,3,92 min
s510,Movie,Hidden Kingdom,South Korea,International TV Shows,G,2016,2017,3,144 min
s511,TV Show,The Rebellion,Spain,Stand-Up Comedy,TV-PG,2009,2010,6,1 Season
s512,TV Show,Lost Garden,Mexico,Romantic Movies,PG,2010,2012,9,4 Seasons
s513,Movie,Eternal Legacy,Nigeria,Romantic Movies,TV-PG,2021,2025,9,121 min
s514,Movie,Golden Shadows,Canada,Anime,PG,2018,2020,5,97 min
s515,TV Show,Eternal Symphony,Nigeria,Anime,TV-MA,2011,2013,8,4 Seasons
s516,Movie,The Code,Japan,Horror Movies,TV-14,2020,2022,9,162 min
s517,TV Show,The Protocol,Germany,Reality TV,PG,2024,2025,8,8 Seasons
s518,Movie,Silent Protocol,Brazil,Action & Adventure,PG,2024,2024,2,91 min
s519,Movie,Secret Legacy,Canada,Anime,R,2021,2021,4,138 min
s520,TV Show,Secret Symphony,India,Stand-Up Comedy,TV-PG,2008,2011,12,6 Seasons
s521,Movie,Dark Legacy,United States,Documentaries,PG-13,2025,2025,10,175 min
s522,Movie,Rising Chronicles,South Korea,Horror Movies,TV-Y7,2020,2023,6,72 min
s523,TV Show,Secret Legacy,Germany,Dramas,NR,2010,2014,1,2 Seasons
s524,TV Show,Rising Dreams,India,International TV Shows,PG-13,2010,2012,8,7 Seasons
s525,TV Show,Shattered Code,United States,Thrillers,TV-PG,2025,2025,3,7 Seasons
s526,TV Show,Secret Horizon,France,Anime,PG,2008,2012,9,3 Seasons
s527,Movie,The Kingdom,Mexico,Crime TV Shows,TV-Y,2025,2025,2,109 min
s528,Movie,Midnight Detective,Australia,Kids' TV,R,2021,2025,3,90 min
s529,Movie,Broken Journey,Turkey,International TV Shows,R,2011,2012,11,172 min
s530,Movie,Shattered Garden,Germany,Thrillers,G,2010,2012,11,78 min
s531,TV Show,Dark Shadows,Australia,Crime TV Shows,TV-Y7,2018,2020,3,4 Seasons
s532,Movie,Silent Journey,India,Action & Adventure,PG,2023,2025,6,148 min
s533,TV Show,Midnight Journey,United Kingdom,Crime TV Shows,NR,2019,2021,7,3 Seasons
s534,Movie,Golden Shadows,Nigeria,Action & Adventure,TV-Y,2016,2018,3,156 min
s535,TV Show,Rising Empire,Spain,Thrillers,PG,2017,2020,9,2 Seasons
s536,Movie,Secret Journey,India,Reality TV,PG-13,2012,2016,4,103 min
s537,Movie,Midnight Legacy,United States,Reality TV,G,2008,2012,10,121 min
s538,Movie,Rising Kingdom,Germany,International TV Shows,G,2025,2025,11,169 min
s539,Movie,Golden Story,Canada,Sci-Fi & Fantasy,NR,2017,2018,8,134 min
s540,Movie,Hidden Rebellion,Germany,Dramas,R,2013,2017,3,127 min
s541,Movie,Last Journey,Mexico,Anime,TV-PG,2023,2025,1,98 min
s542,TV Show,Broken Legacy,France,Kids' TV,R,2009,2010,9,6 Seasons
s543,TV Show,Lost Protocol,Spain,Dramas,TV-MA,2018,2018,12,5 Seasons
s544,TV Show,Wild Dreams,Mexico,Documentaries,TV-Y,2020,2022,10,2 Seasons
s545,TV Show,Hidden Protocol,Canada,Romantic Movies,TV-Y,2019,2021,8,8 Seasons
s546,Movie,Eternal Protocol,United Kingdom,Thrillers,TV-PG,2015,2015,9,152 min
s547,TV Show,Broken Horizon,United Kingdom,Documentaries,PG,2011,2012,7,6 Seasons
s548,Movie,Lost Code,Spain,Thrillers,R,2013,2016,1,101 min
s549,Movie,Last Journey,Mexico,Documentaries,TV-PG,2024,2024,10,88 min
s550,Movie,Last Chronicles,United Kingdom,Romantic Movies,TV-Y,2008,2010,2,97 min
s551,TV Show,Wild Empire,Turkey,Thrillers,TV-PG,2015,2018,10,3 Seasons
s552,Movie,Wild Code,Germany,International TV Shows,TV-PG,2018,2021,10,145 min
s553,Movie,Broken Story,South Korea,Documentaries,TV-14,2008,2009,9,180 min
s554,TV Show,Shattered Horizon,Mexico,Comedies,TV-PG,2023,2025,10,1 Season
s555,Movie,Dark Empire,Brazil,Documentaries,NR,2025,2025,11,153 min
s556,TV Show,Eternal Story,Japan,Reality TV,TV-MA,2024,2025,4,8 Seasons
s557,TV Show,Golden Journey,Nigeria,Stand-Up Comedy,NR,2011,2014,3,5 Seasons
s558,TV Show,Crimson Shadows,Turkey,Comedies,PG-13,2025,2025,5,4 Seasons
s559,Movie,Midnight Detective,Nigeria,Dramas,NR,2024,2024,9,70 min
s560,TV Show,Secret Shadows,Australia,Sci-Fi & Fantasy,PG,2021,2023,2,3 Seasons
s561,TV Show,Secret Journey,France,International TV Shows,G,2021,2025,6,5 Seasons
s562,TV Show,Crimson Shadows,South Korea,Romantic Movies,G,2023,2024,6,8 Seasons
s563,TV Show,Silent Journey,Japan,Sci-Fi & Fantasy,TV-Y,2012,2012,12,4 Seasons
s564,TV Show,Crimson Detective,United Kingdom,Comedies,R,2024,2025,6,1 Season
s565,Movie,Hidden Code,United States,Sci-Fi & Fantasy,TV-14,2012,2015,10,125 min
s566,Movie,Dark Chronicles,Canada,Kids' TV,TV-14,2009,2012,7,148 min
s567,TV Show,Midnight Journey,United States,Sci-Fi & Fantasy,TV-PG,2023,2025,1,4 Seasons
s568,TV Show,Broken Kingdom,Nigeria,Crime TV Shows,G,2024,2025,10,3 Seasons
s569,Movie,Golden Shadows,Brazil,Dramas,TV-PG,2010,2012,7,115 min
s570,TV Show,Hidden Journey,Canada,Romantic Movies,TV-MA,2010,2010,9,5 Seasons
s571,TV Show,Golden Symphony,France,Action & Adventure,NR,2014,2017,7,1 Season
s572,TV Show,Last Story,Germany,Comedies,G,2010,2014,5,6 Seasons
s573,Movie,Crimson Dreams,France,Romantic Movies,NR,2016,2019,7,142 min
s574,TV Show,Crimson Shadows,Nigeria,Kids' TV,TV-Y7,2022,2025,1,8 Seasons
s575,Movie,Silent Legacy,South Korea,Anime,R,2015,2017,7,115 min
s576,Movie,Midnight Symphony,France,Action & Adventure,PG-13,2010,2013,11,165 min
s577,TV Show,Dark Dreams,United Kingdom,Thrillers,PG,2019,2020,10,5 Seasons
s578,Movie,Midnight Code,Canada,Thrillers,R,2015,2016,5,96 min
s579,Movie,Broken Symphony,Canada,Reality TV,NR,2019,2020,2,85 min
s580,Movie,Secret Code,Spain,Crime TV Shows,TV-MA,2025,2025,8,117 min
s581,TV Show,Lost Protocol,Mexico,Reality TV,PG-13,2023,2024,9,5 Seasons
s582,TV Show,Broken Garden,Mexico,Documentaries,TV-MA,2024,2025,8,1 Season
s583,TV Show,Hidden Symphony,Brazil,Sci-Fi & Fantasy,TV-PG,2022,2022,12,8 Seasons
s584,TV Show,Midnight Kingdom,United States,Anime,R,2020,2024,2,6 Seasons
s585,TV Show,Wild Symphony,France,Documentaries,G,2016,2017,5,8 Seasons
s586,TV Show,Golden Horizon,Spain,Horror Movies,R,2021,2023,6,7 Seasons
s587,TV Show,Lost Horizon,Mexico,Documentaries,NR,2015,2015,12,5 Seasons
s588,Movie,Eternal Story,Turkey,Horror Movies,R,2012,2013,8,173 min
s589,Movie,Last Story,Spain,Documentaries,G,2025,2025,8,108 min
s590,TV Show,Eternal Symphony,Mexico,Dramas,TV-Y,2011,2012,1,4 Seasons
s591,TV Show,Lost Symphony,Brazil,Comedies,TV-Y7,2018,2020,6,6 Seasons
s592,TV Show,Golden Kingdom,South Korea,Comedies,PG,2014,2018,10,3 Seasons
s593,TV Show,Golden Rebellion,Brazil,Romantic Movies,TV-Y7,2022,2022,7,5 Seasons
s594,TV Show,Secret Horizon,Turkey,Documentaries,PG,2021,2025,10,7 Seasons
s595,Movie,Dark Horizon,Japan,Action & Adventure,PG,2018,2020,12,104 min
s596,TV Show,Silent Protocol,Spain,Sci-Fi & Fantasy,PG,2024,2025,7,3 Seasons
s597,Movie,Shattered Kingdom,United Kingdom,Stand-Up Comedy,R,2016,2016,4,91 min
s598,TV Show,Dark Legacy,India,Thrillers,G,2009,2009,7,2 Seasons
s599,Movie,Silent Journey,United Kingdom,Comedies,TV-Y,2017,2018,4,164 min
s600,TV Show,Lost Code,United Kingdom,Documentaries,G,2013,2013,1,6 Seasons
